{
  "Profiles": [
    {
      "Name": "Dracula",
      "Guid": "dracula-terminal-config-001",
      "Dynamic Profile Parent Name": "Default",

      "Normal Font": "MesloLGS-NF-Regular 16",
      "Non Ascii Font": "MesloLGS-NF-Regular 16",
      "ASCII Anti Aliased": true,
      "Non-ASCII Anti Aliased": true,
      "Use Non-ASCII Font": false,
      "Horizontal Spacing": 1.0,
      "Vertical Spacing": 1.1,

      "Columns": 120,
      "Rows": 35,

      "Background Color": {
        "Red Component": 0.1568627450980392,
        "Green Component": 0.16470588235294117,
        "Blue Component": 0.21176470588235294,
        "Color Space": "sRGB"
      },
      "Foreground Color": {
        "Red Component": 0.9725490196078431,
        "Green Component": 0.9725490196078431,
        "Blue Component": 0.9490196078431372,
        "Color Space": "sRGB"
      },
      "Cursor Color": {
        "Red Component": 0.9725490196078431,
        "Green Component": 0.9725490196078431,
        "Blue Component": 0.9490196078431372,
        "Color Space": "sRGB"
      },
      "Cursor Text Color": {
        "Red Component": 0.1568627450980392,
        "Green Component": 0.16470588235294117,
        "Blue Component": 0.21176470588235294,
        "Color Space": "sRGB"
      },
      "Selection Color": {
        "Red Component": 0.26666666666666666,
        "Green Component": 0.2784313725490196,
        "Blue Component": 0.35294117647058826,
        "Color Space": "sRGB"
      },
      "Selected Text Color": {
        "Red Component": 0.9725490196078431,
        "Green Component": 0.9725490196078431,
        "Blue Component": 0.9490196078431372,
        "Color Space": "sRGB"
      },
      "Bold Color": {
        "Red Component": 0.9725490196078431,
        "Green Component": 0.9725490196078431,
        "Blue Component": 0.9490196078431372,
        "Color Space": "sRGB"
      },

      "Ansi 0 Color": {
        "Red Component": 0.12941176470588237,
        "Green Component": 0.13333333333333333,
        "Blue Component": 0.17254901960784313,
        "Color Space": "sRGB"
      },
      "Ansi 1 Color": {
        "Red Component": 1.0,
        "Green Component": 0.3333333333333333,
        "Blue Component": 0.3333333333333333,
        "Color Space": "sRGB"
      },
      "Ansi 2 Color": {
        "Red Component": 0.3137254901960784,
        "Green Component": 0.9803921568627451,
        "Blue Component": 0.4823529411764706,
        "Color Space": "sRGB"
      },
      "Ansi 3 Color": {
        "Red Component": 0.9450980392156862,
        "Green Component": 0.9803921568627451,
        "Blue Component": 0.5490196078431373,
        "Color Space": "sRGB"
      },
      "Ansi 4 Color": {
        "Red Component": 0.7411764705882353,
        "Green Component": 0.5764705882352941,
        "Blue Component": 0.9764705882352941,
        "Color Space": "sRGB"
      },
      "Ansi 5 Color": {
        "Red Component": 1.0,
        "Green Component": 0.4745098039215686,
        "Blue Component": 0.7764705882352941,
        "Color Space": "sRGB"
      },
      "Ansi 6 Color": {
        "Red Component": 0.5450980392156862,
        "Green Component": 0.9137254901960784,
        "Blue Component": 0.9921568627450981,
        "Color Space": "sRGB"
      },
      "Ansi 7 Color": {
        "Red Component": 0.9725490196078431,
        "Green Component": 0.9725490196078431,
        "Blue Component": 0.9490196078431372,
        "Color Space": "sRGB"
      },

      "Ansi 8 Color": {
        "Red Component": 0.3843137254901961,
        "Green Component": 0.4470588235294118,
        "Blue Component": 0.6431372549019608,
        "Color Space": "sRGB"
      },
      "Ansi 9 Color": {
        "Red Component": 1.0,
        "Green Component": 0.43137254901960786,
        "Blue Component": 0.43137254901960786,
        "Color Space": "sRGB"
      },
      "Ansi 10 Color": {
        "Red Component": 0.4117647058823529,
        "Green Component": 1.0,
        "Blue Component": 0.5803921568627451,
        "Color Space": "sRGB"
      },
      "Ansi 11 Color": {
        "Red Component": 1.0,
        "Green Component": 1.0,
        "Blue Component": 0.6470588235294118,
        "Color Space": "sRGB"
      },
      "Ansi 12 Color": {
        "Red Component": 0.8392156862745098,
        "Green Component": 0.6745098039215687,
        "Blue Component": 1.0,
        "Color Space": "sRGB"
      },
      "Ansi 13 Color": {
        "Red Component": 1.0,
        "Green Component": 0.5725490196078431,
        "Blue Component": 0.8745098039215686,
        "Color Space": "sRGB"
      },
      "Ansi 14 Color": {
        "Red Component": 0.6431372549019608,
        "Green Component": 1.0,
        "Blue Component": 1.0,
        "Color Space": "sRGB"
      },
      "Ansi 15 Color": {
        "Red Component": 1.0,
        "Green Component": 1.0,
        "Blue Component": 1.0,
        "Color Space": "sRGB"
      },

      "Cursor Guide Color": {
        "Red Component": 0.7411764705882353,
        "Green Component": 0.5764705882352941,
        "Blue Component": 0.9764705882352941,
        "Alpha Component": 0.1,
        "Color Space": "sRGB"
      },
      "Use Cursor Guide": false,
      "Minimum Contrast": 0.0,
      "Transparency": 0.0,
      "Blur": false
    }
  ]
}
