{
  "Profiles": [
    {
      "Name": "Modern Dark",
      "Guid": "modern-dark-terminal-config-001",
      "Dynamic Profile Parent Name": "Default",

      "Normal Font": "MesloLGS-NF-Regular 16",
      "Non Ascii Font": "MesloLGS-NF-Regular 16",
      "ASCII Anti Aliased": true,
      "Non-ASCII Anti Aliased": true,
      "Use Non-ASCII Font": false,
      "Horizontal Spacing": 1.0,
      "Vertical Spacing": 1.1,

      "Columns": 120,
      "Rows": 35,

      "Background Color": {
        "Red Component": 0.09411764705882353,
        "Green Component": 0.09411764705882353,
        "Blue Component": 0.09411764705882353,
        "Color Space": "sRGB"
      },
      "Foreground Color": {
        "Red Component": 0.8470588235294118,
        "Green Component": 0.8470588235294118,
        "Blue Component": 0.8470588235294118,
        "Color Space": "sRGB"
      },
      "Cursor Color": {
        "Red Component": 0.48627450980392156,
        "Green Component": 0.6862745098039216,
        "Blue Component": 0.7607843137254902,
        "Color Space": "sRGB"
      },
      "Cursor Text Color": {
        "Red Component": 0.09411764705882353,
        "Green Component": 0.09411764705882353,
        "Blue Component": 0.09411764705882353,
        "Color Space": "sRGB"
      },
      "Selection Color": {
        "Red Component": 0.34509803921568627,
        "Green Component": 0.34509803921568627,
        "Blue Component": 0.34509803921568627,
        "Color Space": "sRGB"
      },
      "Selected Text Color": {
        "Red Component": 0.9725490196078431,
        "Green Component": 0.9725490196078431,
        "Blue Component": 0.9725490196078431,
        "Color Space": "sRGB"
      },
      "Bold Color": {
        "Red Component": 0.9725490196078431,
        "Green Component": 0.9725490196078431,
        "Blue Component": 0.9725490196078431,
        "Color Space": "sRGB"
      },

      "Ansi 0 Color": {
        "Red Component": 0.09411764705882353,
        "Green Component": 0.09411764705882353,
        "Blue Component": 0.09411764705882353,
        "Color Space": "sRGB"
      },
      "Ansi 1 Color": {
        "Red Component": 0.6705882352941176,
        "Green Component": 0.27450980392156865,
        "Blue Component": 0.25882352941176473,
        "Color Space": "sRGB"
      },
      "Ansi 2 Color": {
        "Red Component": 0.6313725490196078,
        "Green Component": 0.7098039215686275,
        "Blue Component": 0.4235294117647059,
        "Color Space": "sRGB"
      },
      "Ansi 3 Color": {
        "Red Component": 0.9686274509803922,
        "Green Component": 0.792156862745098,
        "Blue Component": 0.5333333333333333,
        "Color Space": "sRGB"
      },
      "Ansi 4 Color": {
        "Red Component": 0.48627450980392156,
        "Green Component": 0.6862745098039216,
        "Blue Component": 0.7607843137254902,
        "Color Space": "sRGB"
      },
      "Ansi 5 Color": {
        "Red Component": 0.7294117647058823,
        "Green Component": 0.5450980392156862,
        "Blue Component": 0.6862745098039216,
        "Color Space": "sRGB"
      },
      "Ansi 6 Color": {
        "Red Component": 0.5254901960784314,
        "Green Component": 0.7568627450980392,
        "Blue Component": 0.7254901960784313,
        "Color Space": "sRGB"
      },
      "Ansi 7 Color": {
        "Red Component": 0.8470588235294118,
        "Green Component": 0.8470588235294118,
        "Blue Component": 0.8470588235294118,
        "Color Space": "sRGB"
      },

      "Ansi 8 Color": {
        "Red Component": 0.34509803921568627,
        "Green Component": 0.34509803921568627,
        "Blue Component": 0.34509803921568627,
        "Color Space": "sRGB"
      },
      "Ansi 9 Color": {
        "Red Component": 0.6705882352941176,
        "Green Component": 0.27450980392156865,
        "Blue Component": 0.25882352941176473,
        "Color Space": "sRGB"
      },
      "Ansi 10 Color": {
        "Red Component": 0.6313725490196078,
        "Green Component": 0.7098039215686275,
        "Blue Component": 0.4235294117647059,
        "Color Space": "sRGB"
      },
      "Ansi 11 Color": {
        "Red Component": 0.9686274509803922,
        "Green Component": 0.792156862745098,
        "Blue Component": 0.5333333333333333,
        "Color Space": "sRGB"
      },
      "Ansi 12 Color": {
        "Red Component": 0.48627450980392156,
        "Green Component": 0.6862745098039216,
        "Blue Component": 0.7607843137254902,
        "Color Space": "sRGB"
      },
      "Ansi 13 Color": {
        "Red Component": 0.7294117647058823,
        "Green Component": 0.5450980392156862,
        "Blue Component": 0.6862745098039216,
        "Color Space": "sRGB"
      },
      "Ansi 14 Color": {
        "Red Component": 0.5254901960784314,
        "Green Component": 0.7568627450980392,
        "Blue Component": 0.7254901960784313,
        "Color Space": "sRGB"
      },
      "Ansi 15 Color": {
        "Red Component": 0.9725490196078431,
        "Green Component": 0.9725490196078431,
        "Blue Component": 0.9725490196078431,
        "Color Space": "sRGB"
      },

      "Cursor Guide Color": {
        "Red Component": 0.48627450980392156,
        "Green Component": 0.6862745098039216,
        "Blue Component": 0.7607843137254902,
        "Alpha Component": 0.1,
        "Color Space": "sRGB"
      },
      "Use Cursor Guide": false,
      "Minimum Contrast": 0.0,
      "Transparency": 0.0,
      "Blur": false
    }
  ]
}
